﻿{
    "Single":
    [
        {"Image":"x.jpg","Stems":"在下列图形中，（   ）有3条对称轴。","Answer":"等边三角形","choices":["圆","正方形","长方形"],"Level":1,"Type":"数学","Subject":"初中数学"},
        {"Image":"a.png","Stems":".圆的周长是直径的（  ）倍。","Answer":"π","choices":["3.14","6.28","1.57"],"Level":1,"Type":"数学","Subject":"初中数学"},
        {"Image":"x.jpg","Stems":"钟表的分针长12厘米，它从3时走到4时，分针的针尖走了（   ）厘米。","Answer":"24π","choices":["12π","144π","6π"],"Level":1,"Type":"数学","Subject":"初中数学"},
        {"Image":"a.png","Stems":"在一个长5分米，宽3分米的长方形里画一个最大的圆，这个圆的半径是（    ）分米。","Answer":"1.5","choices":["3","5","2.5"],"Level":1,"Type":"数学","Subject":"初中数学"},
        {"Image":"x.jpg","Stems":"要画一个直径是5cm的圆，圆规两脚之间的距离是（    ）。","Answer":"2.5cm","choices":["5cm","10cm","15cm"],"Level":1,"Type":"数学","Subject":"初中数学"}
    ],

         

    "Gap":
    [
        {"Image":"x.jpg","Stems":"10/13的3倍是（     ）；","Answer":"true","Level":1,"Type":"数学","Subject":"初中数学"},
        {"Image":"a.png","Stems":"正方形的边长3/4米，它的周长是（      ）米。","Answer":"false","Level":1,"Type":"数学","Subject":"初中数学"},
        {"Image":"x.jpg","Stems":"把5米长的钢管平均截成6段，每段长（     ）米.","Answer":"true","Level":1,"Type":"数学","Subject":"初中数学"},
        {"Image":"a.png","Stems":"在同圆或等圆中，直径的长度是半径的（   　）。","Answer":"false","Level":1,"Type":"数学","Subject":"初中数学"},
        {"Image":"x.jpg","Stems":"一个圆的半径是5cm，周长是（     ）cm。","Answer":"false","Level":1,"Type":"数学","Subject":"初中数学"},
        {"Image":"a.png","Stems":"在一个边长是8厘米的正方形里面画一个最大的圆，这个圆的面积是（    ）平方厘米。","Answer":"true","Level":1,"Type":"数学","Subject":"初中数学"}
    ]
}